{"session_file":"27621227262","phone":"27621227262","app_id":4,"app_hash":"014b35b6184100b085b0d0572f9b5103","sdk":"SDK 31","app_version":"9.6.7","device":"SamsungSM-G998B","lang_pack":"android","system_lang_pack":"en-US","username":"Miriam81rYW94S3VgfnqaLz","ipv6":false,"first_name":"Lowell","last_name":"Grace","register_time":null,"sex":null,"last_check_time":1687676442,"device_token":"__FIREBASE_FAILED__","tz_offset":28800,"perf_cat":2,"avatar":"img/default.png","proxy":null,"twoFA":"houniao123","block":false}