{"session_file":"27620698288","phone":"27620698288","app_id":4,"app_hash":"014b35b6184100b085b0d0572f9b5103","sdk":"SDK 30","app_version":"9.6.7","device":"SamsungSM-G996W","lang_pack":"android","system_lang_pack":"en-US","username":"Orlenaso2DOU2P4","ipv6":false,"first_name":"Patrick Elliott","last_name":"","register_time":null,"sex":null,"last_check_time":1687789070,"device_token":"__FIREBASE_FAILED__","tz_offset":28800,"perf_cat":2,"avatar":"img/default.png","proxy":null,"twoFA":"","block":false}