{"session_file":"27622359488","phone":"27622359488","app_id":4,"app_hash":"014b35b6184100b085b0d0572f9b5103","sdk":"SDK 31","app_version":"9.6.7","device":"SamsungSM-G990U2","lang_pack":"android","system_lang_pack":"en-US","username":"MarissauuajluH5WR1a","ipv6":false,"first_name":"Jennifer","last_name":"Ballard","register_time":null,"sex":null,"last_check_time":1687629678,"device_token":"__FIREBASE_FAILED__","tz_offset":28800,"perf_cat":2,"avatar":"img/default.png","proxy":null,"twoFA":"houniao123","block":false}