{"session_file":"27621132688","phone":"27621132688","app_id":4,"app_hash":"014b35b6184100b085b0d0572f9b5103","sdk":"SDK 30","app_version":"9.6.7","device":"SamsungSM-G781U1","lang_pack":"android","system_lang_pack":"en-US","username":"MaureenF1Und6Z","ipv6":false,"first_name":"Tandy","last_name":"Forsyth","register_time":null,"sex":null,"last_check_time":1687629675,"device_token":"__FIREBASE_FAILED__","tz_offset":28800,"perf_cat":2,"avatar":"img/default.png","proxy":null,"twoFA":"houniao123","block":false}