{"session_file":"27623328613","phone":"27623328613","app_id":4,"app_hash":"014b35b6184100b085b0d0572f9b5103","sdk":"SDK 30","app_version":"9.6.7","device":"SamsungSM-G781B","lang_pack":"android","system_lang_pack":"en-US","username":"HelpfulyA3Do2PXC4","ipv6":false,"first_name":"Wendell","last_name":"Tomlin","register_time":null,"sex":null,"last_check_time":1687629694,"device_token":"__FIREBASE_FAILED__","tz_offset":28800,"perf_cat":2,"avatar":"img/default.png","proxy":null,"twoFA":"houniao123","block":false}