{"session_file":"27626895522","phone":"27626895522","app_id":4,"app_hash":"014b35b6184100b085b0d0572f9b5103","sdk":"SDK 31","app_version":"9.6.7","device":"SamsungSM-S908W","lang_pack":"android","system_lang_pack":"en-US","username":"LutherPGj1NmsAyX73MRp3","ipv6":false,"first_name":"Brittany","last_name":"Bliss","register_time":null,"sex":null,"last_check_time":1687629697,"device_token":"__FIREBASE_FAILED__","tz_offset":28800,"perf_cat":2,"avatar":"img/default.png","proxy":null,"twoFA":"houniao123","block":false}