{"session_file":"27622687453","phone":"27622687453","app_id":4,"app_hash":"014b35b6184100b085b0d0572f9b5103","sdk":"SDK 30","app_version":"9.6.7","device":"OnePlusLE2117","lang_pack":"android","system_lang_pack":"en-US","username":"Noble4nCIf5XxksJY","ipv6":false,"first_name":"Daisy","last_name":"James","register_time":null,"sex":null,"last_check_time":1687680150,"device_token":"__FIREBASE_FAILED__","tz_offset":28800,"perf_cat":2,"avatar":"img/default.png","proxy":null,"twoFA":"houniao123","block":false}