{"session_file":"27622707376","phone":"27622707376","app_id":4,"app_hash":"014b35b6184100b085b0d0572f9b5103","sdk":"SDK 30","app_version":"9.6.7","device":"RedmiM2012K11C","lang_pack":"android","system_lang_pack":"en-US","username":"HerdsmanibNtWLHG","ipv6":false,"first_name":"Jill","last_name":"Blunt","register_time":null,"sex":null,"last_check_time":1687629692,"device_token":"__FIREBASE_FAILED__","tz_offset":28800,"perf_cat":2,"avatar":"img/default.png","proxy":null,"twoFA":"houniao123","block":false}