{"session_file":"27623069330","phone":"27623069330","app_id":4,"app_hash":"014b35b6184100b085b0d0572f9b5103","sdk":"SDK 30","app_version":"9.6.7","device":"SamsungSM-G9910","lang_pack":"android","system_lang_pack":"en-US","username":"ElviraZdV8tJHXt88hZI","ipv6":false,"first_name":"Kiana","last_name":"Hilliard","register_time":null,"sex":null,"last_check_time":1687676452,"device_token":"__FIREBASE_FAILED__","tz_offset":28800,"perf_cat":2,"avatar":"img/default.png","proxy":null,"twoFA":"houniao123","block":false}