{"session_file":"27622879410","phone":"27622879410","app_id":4,"app_hash":"014b35b6184100b085b0d0572f9b5103","sdk":"SDK 33","app_version":"9.6.7","device":"SamsungSM-S901E","lang_pack":"android","system_lang_pack":"en-US","username":"Edmond2gnE8I8T3","ipv6":false,"first_name":"Marilyn","last_name":"Knight","register_time":null,"sex":null,"last_check_time":1687629703,"device_token":"__FIREBASE_FAILED__","tz_offset":28800,"perf_cat":2,"avatar":"img/default.png","proxy":null,"twoFA":"houniao123","block":false}