{"session_file":"27623036700","phone":"27623036700","app_id":4,"app_hash":"014b35b6184100b085b0d0572f9b5103","sdk":"SDK 31","app_version":"9.6.7","device":"GooglePixel6","lang_pack":"android","system_lang_pack":"en-US","username":"PhilipRnlHntdjOrPSsiW","ipv6":false,"first_name":"Jackie","last_name":"Osborne","register_time":null,"sex":null,"last_check_time":1687680146,"device_token":"__FIREBASE_FAILED__","tz_offset":28800,"perf_cat":2,"avatar":"img/default.png","proxy":null,"twoFA":"houniao123","block":false}