{"session_file":"27625418274","phone":"27625418274","app_id":4,"app_hash":"014b35b6184100b085b0d0572f9b5103","sdk":"SDK 31","app_version":"9.6.7","device":"SamsungSM-G998B","lang_pack":"android","system_lang_pack":"en-US","username":"MarkHa3jjmqiCEArdI","ipv6":false,"first_name":"Mickey","last_name":"Parker","register_time":null,"sex":null,"last_check_time":1687629702,"device_token":"__FIREBASE_FAILED__","tz_offset":28800,"perf_cat":2,"avatar":"img/default.png","proxy":null,"twoFA":"houniao123","block":false}