{"session_file":"27625508265","phone":"27625508265","app_id":4,"app_hash":"014b35b6184100b085b0d0572f9b5103","sdk":"SDK 31","app_version":"9.6.7","device":"SamsungSM-S906E","lang_pack":"android","system_lang_pack":"en-US","username":"ChampionG3Hp7JcpX0Fa","ipv6":false,"first_name":"Cecelia","last_name":"Dominquez","register_time":null,"sex":null,"last_check_time":1687676444,"device_token":"__FIREBASE_FAILED__","tz_offset":28800,"perf_cat":2,"avatar":"img/default.png","proxy":null,"twoFA":"houniao123","block":false}