{"session_file":"27625902731","phone":"27625902731","app_id":4,"app_hash":"014b35b6184100b085b0d0572f9b5103","sdk":"SDK 30","app_version":"9.6.7","device":"OnePlusMT2111","lang_pack":"android","system_lang_pack":"en-US","username":"PerryrGhZ7dBIOWWFcL6FEyp","ipv6":false,"first_name":"Cedric","last_name":"Baker","register_time":null,"sex":null,"last_check_time":1687629682,"device_token":"__FIREBASE_FAILED__","tz_offset":28800,"perf_cat":2,"avatar":"img/default.png","proxy":null,"twoFA":"houniao123","block":false}