{"session_file":"27621264401","phone":"27621264401","app_id":4,"app_hash":"014b35b6184100b085b0d0572f9b5103","sdk":"SDK 31","app_version":"9.6.7","device":"OnePlusCPH2413","lang_pack":"android","system_lang_pack":"en-US","username":"Becky4qvLHwil8v","ipv6":false,"first_name":"Elbert","last_name":"Fenner","register_time":null,"sex":null,"last_check_time":1687629701,"device_token":"__FIREBASE_FAILED__","tz_offset":28800,"perf_cat":2,"avatar":"img/default.png","proxy":null,"twoFA":"houniao123","block":false}